one	two	three	four	five
0.3025467314247825	0.1532681259023619	-1.1389197009695502	bar	True
				
-1.0502332424299303	-2.062734955713292	-0.8883322109750245	bar	False
				
0.29905275421985084	-0.40032656168872355	0.13204573383683832	bar	True
0.4217291214987096	0.7294659199858861	0.36447893594025665	bar	True
				
-0.9050651800035834	-1.9539717061721267	-0.209700483198508	bar	False
